买家会员名,类别
0,7
1,7
2,7
3,7
4,0
5,7
6,7
7,2
8,0
9,0
10,1
11,2
12,2
13,1
14,7
15,7
16,7
17,7
18,7
19,7
20,2
21,1
22,7
23,1
24,7
25,7
26,7
27,7
28,0
29,0
30,7
31,3
32,7
33,7
34,7
35,7
36,1
37,3
38,6
39,7
40,7
41,7
42,3
43,6
44,7
45,2
46,2
47,7
48,3
49,0
50,4
51,4
52,7
53,7
54,1
55,5
56,7
57,7
58,7
59,3
60,7
61,2
62,2
63,7
64,7
65,7
66,7
67,7
68,2
69,0
70,2
71,7
72,7
73,2
74,7
75,7
76,2
77,7
78,3
79,7
80,3
81,7
82,7
83,7
84,7
85,7
86,7
87,7
88,7
89,3
90,0
91,7
92,7
93,7
94,7
95,7
96,7
97,7
98,7
99,7
100,3
101,7
102,7
103,1
104,2
105,7
106,2
107,0
108,7
109,7
110,7
111,7
112,7
113,2
114,7
115,7
116,1
117,7
118,0
119,7
120,0
121,7
122,3
123,7
124,7
125,0
126,0
127,7
128,7
129,7
130,7
131,0
132,7
133,4
134,0
135,2
136,3
137,2
138,4
139,3
140,7
141,7
142,6
143,7
144,3
145,7
146,7
147,7
148,7
149,4
150,7
151,2
152,7
153,6
154,7
155,0
156,7
157,0
158,0
159,7
160,2
161,0
162,7
163,7
164,7
165,7
166,4
167,7
168,7
169,7
170,3
171,7
172,0
173,7
174,7
175,2
176,7
177,3
178,1
179,0
180,3
181,7
182,7
183,1
184,7
185,7
186,0
187,7
188,7
189,7
190,7
191,7
192,0
193,0
194,3
195,7
196,7
197,7
198,3
199,7
200,7
201,7
202,0
203,3
204,7
205,5
206,0
207,7
208,7
209,7
210,7
211,7
212,7
213,7
214,7
215,1
216,7
217,3
218,3
219,3
220,3
221,0
222,7
223,6
224,0
225,3
226,7
227,7
228,7
229,3
230,7
231,4
232,0
233,3
234,3
235,7
236,7
237,1
238,1
239,7
240,7
241,2
242,7
243,1
244,7
245,7
246,0
247,3
248,4
249,7
250,7
251,7
252,3
253,3
254,7
255,2
256,1
257,7
258,7
259,7
260,7
261,7
262,7
263,2
264,0
265,0
266,7
267,0
268,1
269,7
270,0
271,7
272,7
273,7
274,2
275,7
276,3
277,7
278,3
279,7
280,2
281,3
282,3
283,7
284,3
285,7
286,7
287,7
288,2
289,7
290,7
291,2
292,0
293,7
294,7
295,7
296,7
297,7
298,7
299,7
300,0
301,1
302,7
303,7
304,7
305,2
306,4
307,7
308,3
309,0
310,3
311,7
312,0
313,3
314,7
315,7
316,7
317,3
318,7
319,3
320,7
321,7
322,7
323,0
324,3
325,7
326,2
327,0
328,7
329,7
330,7
331,7
332,7
333,7
334,7
335,2
336,7
337,0
338,7
339,7
340,2
341,7
342,3
343,3
344,0
345,7
346,7
347,3
348,7
349,2
350,7
351,7
352,3
353,7
354,0
355,7
356,7
357,2
358,7
359,2
360,6
361,7
362,7
363,6
364,7
365,3
366,7
367,7
368,7
369,7
370,7
371,0
372,7
373,7
374,7
375,7
376,0
377,7
377,7
378,3
379,7
380,7
381,1
382,7
383,3
384,7
385,7
386,7
387,3
388,4
389,0
390,7
391,3
392,7
393,7
394,0
395,7
396,7
397,7
398,7
399,3
400,4
401,1
402,7
403,0
404,7
405,7
406,7
406,7
407,3
408,7
409,2
410,7
411,7
412,7
413,1
414,7
415,1
416,7
417,3
418,1
419,7
420,7
421,2
422,0
423,0
424,3
425,7
426,0
427,0
428,7
429,1
430,6
431,7
432,3
433,7
434,7
435,3
436,3
437,7
438,7
439,7
440,2
441,2
442,7
443,6
444,7
445,7
446,7
447,7
448,7
449,3
450,7
451,7
452,7
453,1
454,7
455,3
456,7
457,7
458,0
459,0
460,7
461,3
462,3
463,7
464,0
465,7
466,5
467,7
468,7
469,7
470,7
471,7
472,3
473,2
474,7
475,7
476,7
477,0
478,3
479,7
480,7
481,7
482,3
483,7
484,7
485,7
486,7
487,1
488,2
489,3
490,6
491,2
492,3
493,6
494,7
495,7
496,7
497,7
498,1
499,7
500,7
501,7
502,7
503,7
504,7
505,7
506,7
507,7
508,6
509,7
510,2
511,7
512,1
513,7
514,7
515,2
516,7
517,3
518,7
519,7
520,7
521,7
522,2
523,3
524,2
525,2
526,3
527,7
528,7
529,7
530,0
531,7
532,7
533,0
534,3
535,5
536,3
537,7
538,7
539,7
540,7
541,3
542,4
543,3
544,1
545,2
546,1
547,7
548,3
549,3
550,1
551,3
552,2
553,2
554,0
555,7
556,7
557,7
558,7
559,7
560,3
561,7
562,3
563,7
564,7
565,7
566,7
567,7
568,7
569,7
570,2
571,7
572,7
573,3
574,7
575,7
576,7
577,7
578,7
579,7
580,7
581,7
582,3
583,7
584,2
585,7
586,7
587,7
588,7
589,6
590,7
591,2
592,7
593,7
594,0
595,7
596,7
597,2
598,7
599,7
600,6
601,7
602,7
603,7
604,0
605,3
606,3
607,3
608,7
609,7
610,1
611,3
612,7
613,7
614,3
615,3
616,0
617,7
618,7
619,7
620,7
621,7
622,3
623,0
624,3
625,7
626,3
627,4
628,7
629,7
630,7
631,0
632,7
633,1
634,1
635,7
636,7
637,7
638,7
639,7
640,7
641,7
642,3
643,7
644,1
645,0
646,6
647,2
648,0
649,7
650,0
651,2
652,0
653,7
654,3
655,4
656,7
657,7
658,7
659,7
660,7
661,0
662,3
663,3
664,2
665,7
666,7
667,1
668,3
669,7
670,7
671,7
672,7
673,7
674,7
675,2
676,7
677,0
678,7
679,2
680,6
681,7
682,7
683,7
684,2
685,0
686,2
687,7
688,7
689,1
690,7
691,7
692,7
693,7
694,3
695,7
696,7
697,7
698,7
699,7
700,7
701,7
702,7
703,7
704,3
705,7
706,7
707,3
708,7
709,7
710,2
711,7
712,5
713,7
714,0
715,1
716,7
717,7
718,7
719,0
720,7
721,7
722,3
723,3
724,7
725,3
726,7
727,7
728,2
729,2
730,7
731,7
732,7
733,7
734,7
735,7
736,7
737,7
738,7
739,7
740,7
741,7
742,7
743,7
744,7
745,7
746,3
747,7
748,3
749,7
750,7
751,7
752,7
753,3
754,7
755,7
756,2
757,7
758,7
759,0
760,3
761,7
762,7
763,7
764,7
765,7
766,7
767,7
768,3
769,7
770,7
771,0
772,0
773,7
774,7
775,4
776,7
777,4
778,2
779,0
780,3
781,7
782,7
783,7
784,7
785,7
786,3
787,7
788,2
789,0
790,0
791,7
792,7
793,2
794,7
795,3
796,7
797,7
798,7
799,7
800,7
801,4
802,7
803,7
804,3
805,7
806,7
807,7
808,7
809,7
810,7
811,0
812,7
813,7
814,7
815,3
816,2
817,7
818,3
819,7
820,7
821,7
822,5
823,3
824,0
825,7
826,2
827,1
828,7
829,3
830,7
831,7
832,3
833,3
834,2
835,3
836,1
837,3
838,7
839,3
840,7
841,3
842,7
843,1
844,3
845,7
846,2
847,3
848,2
849,7
850,7
851,3
852,1
853,7
854,0
855,3
856,3
857,7
858,7
859,7
860,7
861,2
862,4
863,7
864,7
865,3
866,3
867,7
868,3
869,7
870,2
871,5
872,7
873,7
874,7
875,7
876,7
877,1
878,7
879,7
880,1
881,7
882,4
883,7
884,7
885,7
886,7
887,7
888,7
889,7
890,3
891,7
892,7
893,7
894,7
895,7
896,3
897,7
898,7
899,2
900,7
901,7
902,7
903,7
904,7
905,7
906,3
907,7
908,7
909,7
910,7
911,7
912,7
913,7
914,7
915,7
916,7
917,1
918,6
919,7
920,2
921,7
922,7
923,3
924,5
925,7
926,7
927,7
928,7
929,7
930,7
931,7
932,7
933,7
934,3
935,1
936,2
937,7
938,7
939,5
940,7
941,7
942,7
943,0
944,0
945,7
946,3
947,7
948,7
949,7
950,7
951,7
952,7
953,3
954,7
955,7
956,2
956,2
957,7
958,7
959,2
960,7
961,7
962,7
963,7
964,7
965,7
966,7
967,7
968,7
969,7
970,7
971,7
972,7
973,7
974,7
975,1
976,7
977,7
978,7
979,7
980,5
981,7
982,7
983,2
984,7
985,3
986,7
987,4
988,7
989,7
990,7
991,2
992,7
993,7
994,7
995,7
996,7
997,7
998,3
999,2
1000,0
1001,5
1002,7
1003,7
1004,3
1005,7
1006,7
1007,3
1008,7
1009,3
1010,7
1011,7
1012,3
1013,0
1014,7
1015,7
1016,7
1017,7
1018,6
1019,7
1020,3
1021,3
1022,3
1023,2
1024,3
1025,1
1026,0
1027,4
1028,3
1029,7
1030,7
1031,7
1032,2
1033,7
1034,7
1035,7
1036,3
1037,7
1038,7
1039,3
1040,3
1041,7
1042,7
1043,0
1044,1
1045,2
1046,7
1047,7
1048,7
1049,7
1050,7
1051,0
1052,3
1053,7
1054,7
1055,7
1056,7
1057,7
1058,7
1059,4
1060,7
1061,7
1062,3
1063,7
1064,7
1065,6
1066,5
1067,7
1068,3
1069,6
1070,7
1071,0
1072,7
1073,7
1074,7
1075,7
1076,7
1077,6
1078,7
1079,7
1080,7
1081,3
1082,7
1083,7
1084,2
1085,0
1086,1
1087,3
1088,7
1089,3
1090,7
1091,7
1092,3
1093,7
1094,4
1095,7
1096,7
1097,2
1098,7
1099,7
1100,6
1101,0
1102,3
1103,7
1104,7
1105,7
1106,7
1107,2
1108,0
1109,7
1110,7
1111,3
1112,7
1113,2
1114,7
1115,2
1116,0
1117,4
1118,0
1119,7
1120,3
1121,4
1122,7
1123,1
1124,7
1125,7
1126,1
1127,2
1128,3
1129,5
1130,0
1131,2
1132,7
1133,0
1134,7
1135,2
1136,3
1137,2
1138,7
1139,2
1140,2
1141,7
1142,7
1143,7
1144,3
1145,5
1146,7
1147,7
1148,2
1149,7
1150,7
1151,3
1152,7
1153,7
1154,7
1155,7
1156,6
1157,3
1158,2
1159,3
1160,7
1161,2
1162,7
1163,3
1164,7
1165,7
1166,7
1167,2
1168,7
1169,2
1170,7
1171,3
1172,3
1173,1
1174,2
1175,7
1176,3
1177,7
1178,6
1179,2
1180,3
1181,7
1182,7
1183,7
1184,0
1185,7
1186,7
1187,4
1188,2
1189,3
1190,7
1191,0
1192,1
1193,3
1194,7
1195,7
1196,0
1197,3
1198,7
1199,7
1200,7
1201,3
1202,7
1203,2
1204,7
1205,3
1206,7
1207,7
1208,0
1209,3
1210,4
1211,7
1212,1
1213,7
1214,7
1215,3
1216,7
1217,1
1218,2
1219,7
1220,7
1221,0
1222,7
1223,6
1224,0
1225,7
1226,1
1227,7
1228,7
1229,7
1230,7
1231,3
1232,7
1233,7
1234,3
1235,7
1236,0
1237,7
1238,0
1239,0
1240,7
1241,1
1242,7
1243,7
1244,7
1245,3
1246,3
1247,7
1248,3
1249,2
1250,3
1251,1
1252,3
1253,7
1254,4
1255,0
1256,0
1257,7
1258,7
1259,3
1260,7
1261,0
1262,7
1263,7
1264,7
1265,1
1266,7
1267,0
1268,7
1269,7
1270,7
1271,7
1272,6
1273,7
1274,7
1275,1
1276,7
1277,7
1278,7
1279,1
1280,7
1281,3
1282,7
1283,7
1284,2
1285,2
1286,7
1287,7
1288,7
1289,7
1290,7
1291,7
1292,7
1293,0
1294,7
1295,7
1296,7
1297,7
1298,7
1299,2
1300,7
1301,0
1302,0
1303,0
1304,0
1305,7
1306,3
1307,0
1308,1
1309,7
1310,3
1311,0
1312,7
1313,0
1314,1
1315,3
1316,7
1317,7
1318,7
1319,7
1320,7
1321,7
1322,3
1323,6
1324,1
1325,7
1326,7
1327,2
1328,4
1329,7
1330,7
1331,3
1332,7
1333,2
1334,3
1335,7
1336,7
1337,0
1338,1
1339,7
1340,7
1341,7
1342,7
1343,7
1344,7
1345,7
1346,4
1347,1
1348,3
1349,2
1350,3
1351,7
1352,7
1353,7
1354,0
1355,0
1356,7
1357,7
1358,7
1359,0
1360,7
1361,2
1362,7
1363,3
1364,7
1365,3
1366,3
1367,7
1368,3
1369,7
1370,7
1371,7
1372,3
1373,7
1374,3
1375,3
1376,7
1377,3
1378,2
1379,6
1380,7
1381,7
1382,7
1383,7
1384,2
1385,3
1386,7
1387,7
1388,7
1389,0
1390,7
1391,7
1392,4
1393,7
1394,7
1395,6
1396,7
1397,7
1398,0
1399,7
1400,2
1401,7
1402,7
1403,7
1404,1
1405,7
1406,7
1407,5
1408,7
1409,7
1410,7
1411,7
1412,2
1413,7
1414,7
1415,7
1416,3
1417,7
1418,7
1419,7
1420,2
1421,7
1422,6
1423,7
1424,1
1425,2
1426,7
1427,7
1428,3
1429,7
1430,0
1431,7
1432,7
1433,0
1434,1
1435,1
1436,7
1437,7
1438,4
1439,1
1440,7
1441,7
1442,3
1443,3
1444,7
1445,7
1446,7
1447,6
1448,7
1449,7
1450,7
1451,4
1452,1
1453,0
1454,7
1455,7
1456,2
1457,7
1458,7
1459,7
1460,7
1461,7
1462,2
1463,2
1464,7
1465,7
1466,7
1467,7
1468,3
1469,3
1470,2
1471,7
1472,1
1473,0
1474,1
1475,7
1476,2
1477,3
1478,0
1479,4
1480,7
1481,7
1482,6
1483,0
1484,2
1485,3
1486,3
1487,2
1488,7
1489,0
1490,7
1491,7
1492,7
1493,7
1494,7
1495,3
1496,1
1497,7
1498,7
1499,7
1500,0
1501,2
1502,6
1503,7
1504,1
1505,7
1506,7
1507,3
1508,7
1509,2
1510,7
1511,3
1512,0
1513,3
1514,3
1515,7
1516,3
1517,3
1518,7
1519,7
1520,7
1521,2
1522,7
1523,3
1524,7
1525,7
1526,7
1527,7
1528,0
1529,7
1530,7
1531,7
1532,1
1533,7
1534,7
1535,0
1536,4
1537,7
1538,7
1539,1
1540,2
1541,3
1542,0
1543,1
1544,2
1545,7
1546,7
1547,7
1548,7
1549,7
1550,1
1551,0
1552,1
1553,7
1554,7
1555,2
1556,0
1557,7
1558,7
1559,1
1560,7
1561,7
1562,3
1563,7
1564,7
1565,3
1566,3
1567,3
1568,7
1569,7
1570,1
1571,7
1572,7
1573,7
1574,0
1575,7
1576,2
1577,7
1578,7
1579,7
1580,3
1581,7
1582,2
1583,7
1584,7
1585,7
1586,2
1587,7
1588,7
1589,7
1590,7
1591,3
1592,7
1593,3
1594,2
1595,7
1596,5
1597,0
1598,0
1599,2
1600,7
1601,3
1602,7
1603,4
1604,7
1605,7
1606,7
1607,1
1608,7
1609,3
1610,7
1611,2
1612,7
1613,3
1614,7
1615,7
1616,2
1617,3
1618,6
1619,7
1620,3
1621,3
1622,2
1623,1
1624,5
1625,7
1626,7
1627,7
1628,7
1629,7
1630,7
1631,6
1632,7
1633,7
1634,0
1635,7
1636,2
1637,1
1638,3
1639,2
1640,7
1641,7
1642,7
1643,7
1644,7
1645,7
1646,7
1647,2
1648,7
1649,7
1650,0
1651,2
1652,7
1653,2
1654,7
1655,7
1656,7
1657,7
1658,3
1659,7
1660,0
1661,3
1662,7
1663,7
1664,3
1665,7
1666,2
1667,7
1668,7
1669,3
1670,7
1671,6
1672,6
1673,7
1674,7
1675,7
1676,6
1677,7
1678,7
1679,7
1680,7
1681,7
1682,6
1683,3
1684,7
1685,3
1686,0
1687,7
1688,7
1689,7
1690,1
1691,7
1692,2
1693,7
1694,7
1695,3
1696,2
1697,7
1698,3
1699,2
1700,7
1701,7
1702,0
1703,4
1704,7
1705,0
1706,7
1707,7
1708,7
1709,2
1710,7
1711,7
1712,6
1713,7
1714,7
1715,3
1716,0
1717,0
1718,3
1719,7
1720,7
1721,7
1722,7
1723,3
1724,7
1725,7
1726,0
1727,3
1728,7
1729,7
1730,7
1731,7
1732,7
1733,7
1734,7
1735,7
1736,4
1737,7
1738,2
1739,1
1740,2
1741,1
1742,2
1743,7
1744,2
1745,7
1746,7
1747,7
1748,1
1749,7
1750,7
1751,7
1752,4
1753,7
1754,7
1755,7
1756,7
1757,7
1758,7
1759,7
1760,7
1761,2
1762,7
1763,3
1764,3
1765,4
1766,1
1767,7
1768,3
1769,3
1770,7
1771,7
1772,7
1773,7
1774,1
1775,7
1776,7
1777,7
1778,2
1779,7
1780,7
1781,3
1782,2
1782,2
1783,7
1784,7
1785,7
1786,7
1787,7
1788,7
1789,7
1790,2
1791,0
1792,3
1793,7
1794,3
1795,0
1796,7
1797,2
1798,7
1799,7
1800,7
1801,7
1802,0
1803,6
1804,7
1805,6
1806,2
1807,2
1808,7
1809,7
1810,7
1811,5
1812,3
1813,7
1814,7
1815,6
1816,3
1817,7
1818,7
1819,7
1820,4
1821,7
1822,2
1823,2
1824,7
1825,7
1826,7
1827,7
1828,7
1829,7
1830,7
1831,7
1832,0
1833,3
1834,7
1835,1
1836,7
1837,7
1838,7
1839,0
1840,7
1841,7
1842,7
1843,7
1844,7
1845,3
1846,7
1847,3
1848,1
1849,1
1850,7
1851,1
1852,2
1853,7
1854,7
1855,7
1856,3
1857,7
1858,7
1859,0
1860,3
1861,7
1862,2
1863,1
1864,7
1865,3
1866,0
1867,7
1868,7
1869,3
1870,7
1871,2
1872,7
1873,4
1874,2
1875,3
1876,7
1877,4
1878,7
1879,7
1880,2
1881,7
1882,0
1883,6
1884,2
1885,7
1886,2
1887,3
1888,7
1889,0
1890,7
1891,3
1892,7
1893,2
1894,7
1895,7
1896,2
1897,7
1898,7
1899,0
1900,7
1901,7
1902,3
1903,4
1904,4
1905,7
1906,7
1907,7
1908,2
1909,7
1910,7
1911,7
1912,4
1913,0
1914,2
1915,1
1916,3
1917,3
1918,1
1919,7
1920,3
1921,6
1922,7
1923,7
1924,7
1925,1
1926,3
1927,0
1928,7
1929,7
1930,7
1931,1
1932,0
1933,7
1934,7
1935,7
1936,0
1937,3
1938,7
1939,7
1940,7
1941,7
1942,3
1943,3
1944,7
1945,7
1946,7
1947,7
1948,0
1949,7
1950,7
1951,3
1952,7
1953,3
1954,2
1955,6
1956,7
1957,3
1958,2
1959,7
1960,2
1961,3
1962,3
1963,7
1964,1
1965,7
1966,0
1967,0
1968,7
1969,7
1970,7
1971,7
1972,7
1972,7
1973,7
1974,3
1975,7
1976,7
1977,3
1978,7
1979,7
1980,3
1981,0
1982,2
1983,7
1984,2
1985,3
1986,1
1987,7
1988,2
1989,7
1990,7
1991,7
1992,7
1993,0
1994,3
1995,2
1996,7
1997,3
1998,7
1999,7
2000,7
2001,3
2002,7
2003,7
2004,7
2005,3
2006,1
2007,7
2008,7
2009,2
2010,7
2011,7
2012,7
2013,7
2014,3
2015,3
2016,7
2017,7
2018,0
2019,3
2020,3
2021,7
2022,7
2023,3
2024,3
2025,1
2026,5
2027,7
2028,7
2029,7
2030,7
2031,2
2032,7
2033,0
2034,7
2035,7
2036,4
2037,2
2038,0
2039,0
2040,4
2041,2
2042,7
2043,6
2044,7
2045,3
2046,3
2047,7
2048,7
2049,7
2050,7
2051,7
2052,3
2053,7
2054,7
2055,7
2056,7
2057,7
2058,3
2059,7
2060,7
2061,3
2062,7
2063,1
2064,7
2065,7
2066,3
2067,7
2068,7
2069,7
2070,4
2071,7
2072,7
2073,7
2074,3
2075,7
2076,7
2077,2
2078,7
2079,7
2080,7
2081,1
2082,7
2083,2
2084,7
2085,0
2086,7
2087,7
2088,3
2089,2
2090,7
2091,7
2092,7
2093,7
2094,7
2095,2
2096,3
2097,3
2098,5
2099,7
2100,3
2101,3
2102,0
2103,7
2104,7
2105,7
2106,7
2107,3
2108,2
2109,7
2110,2
2111,7
2112,3
2113,3
2114,3
2115,2
2116,7
2117,7
2118,2
2119,3
2120,7
2121,2
2122,7
2123,7
2124,0
2125,4
2126,7
2127,3
2128,7
2129,7
2130,7
2131,7
2132,7
2133,7
2134,7
2135,7
2136,7
2137,2
2138,0
2139,7
2140,7
2141,3
2142,7
2143,3
2144,6
2145,3
2146,7
2147,7
2148,0
2149,3
2150,3
2151,7
2152,7
2153,7
2154,7
2155,6
2156,7
2157,7
2158,7
2159,7
2160,7
2161,3
2162,1
2163,7
2164,7
2165,1
2166,7
2167,7
2168,7
2169,3
2170,7
2171,7
2172,7
2173,7
2174,2
2175,3
2176,7
2177,7
2178,7
2179,7
2180,7
2181,6
2182,3
2183,1
2184,7
2185,7
2186,7
2187,7
2188,7
2189,7
2190,7
2191,1
2192,7
2193,7
2194,6
2195,6
2196,7
2197,7
2198,7
2199,7
2200,7
2201,7
2202,7
2203,7
2204,7
2205,7
2206,0
2207,7
2208,7
2209,7
2210,7
2211,7
2212,2
2213,0
2214,3
2215,5
2216,7
2217,7
2218,7
2219,0
2220,7
2221,7
2222,7
2223,7
2224,7
2225,3
2226,3
2227,7
2228,7
2229,7
2230,7
2231,7
2232,4
2233,7
2234,6
2235,4
2236,2
2237,4
2238,7
2239,7
2240,7
2241,3
2242,7
2243,7
2244,7
2245,7
2246,6
2247,7
2248,2
2249,1
2250,0
2251,1
2252,7
2253,7
2254,7
2255,7
2256,2
2257,3
2258,1
2259,7
2260,2
2261,6
2262,1
2263,7
2264,3
2265,7
2266,7
2267,7
2268,0
2269,7
2270,7
2271,2
2272,7
2273,7
2274,7
2275,7
2276,4
2277,2
2278,6
2279,7
2280,7
2281,7
2282,7
2283,7
2284,7
2285,7
2286,7
2287,6
2288,2
2289,7
2290,7
2291,0
2292,3
2293,7
2294,7
2295,7
2296,7
2297,7
2298,7
2299,7
2300,7
2301,4
2302,7
2303,2
2304,7
2305,7
2306,2
2307,3
2308,6
2309,2
2310,7
2311,3
2312,7
2313,3
2314,7
2315,7
2316,5
2317,3
2318,7
2319,5
2320,1
2321,7
2322,3
2323,2
2324,2
2325,7
2326,0
2327,7
2328,7
2329,1
2330,7
2331,3
2332,7
2333,6
2334,7
2335,7
2336,7
2337,7
2338,7
2339,7
2340,7
2341,3
2342,7
2343,7
2344,7
2345,1
2346,7
2347,7
2348,0
2349,3
2350,4
2351,7
2352,7
2353,3
2354,1
2355,7
2356,7
2357,7
2358,2
2359,0
2360,7
2361,1
2362,7
2363,7
2364,1
2365,7
2366,3
2367,7
2368,3
2369,7
2370,3
2371,7
2372,7
2373,3
2374,7
2375,7
2376,3
2377,7
2378,7
2379,0
2380,3
2381,7
2382,4
2383,7
2384,7
2385,0
2386,7
2387,7
2388,7
2389,1
2390,0
2391,7
2392,7
2393,2
2394,7
2395,7
2396,7
2397,7
2398,3
2399,7
2400,7
2401,3
2402,7
2403,7
2404,7
2405,7
2406,7
2407,2
2408,2
2409,3
2410,7
2411,3
2412,7
2413,7
2414,4
2415,7
2416,2
2417,7
2418,3
2419,7
2420,7
2421,7
2422,7
2423,3
2424,0
2425,7
2426,3
2427,7
2428,7
2429,6
2430,7
2431,7
2432,7
2433,7
2434,7
2435,7
2436,0
2437,7
2438,7
2439,7
2440,7
2441,7
2442,4
2443,7
2444,7
2445,7
2446,7
2447,7
2448,3
2449,2
2450,3
2451,5
2452,7
2453,7
2454,3
2455,3
2456,0
2457,7
2458,0
2459,7
2460,7
2461,7
2462,7
2463,4
2464,3
2465,3
2466,0
2467,7
2468,7
2469,6
2470,7
2471,6
2472,7
2473,7
2474,4
2475,2
2476,7
2477,2
2478,7
2479,7
2480,2
2481,7
2482,3
2483,7
2484,6
2485,7
2486,2
2487,7
2488,3
2489,7
2490,7
2491,3
2492,2
2493,2
2494,7
2495,7
2496,7
2497,7
2498,7
2499,5
2500,7
2501,7
2502,7
2503,7
2504,7
2505,7
2506,7
2507,7
2508,7
2509,7
2510,7
2511,7
2512,1
2513,7
2514,7
2515,7
2516,6
2517,7
2518,3
2519,7
2520,7
2521,7
2522,7
2523,2
2524,7
2525,2
2526,5
2527,7
2528,7
2529,7
2530,7
2531,7
2532,3
2533,7
2534,7
2535,7
2536,2
2537,6
2538,3
2539,5
2540,0
2541,7
2542,7
2543,7
2544,7
2545,3
2546,7
2547,7
2548,7
2549,7
2550,7
2551,2
2552,7
2553,7
2554,3
2555,3
2556,3
2557,3
2558,7
2559,7
2560,2
2561,7
2562,1
2563,3
2564,7
2565,3
2566,3
2567,7
2568,7
2569,6
2570,7
2571,7
2572,2
2573,7
2574,7
2575,5
2576,7
2577,7
2578,7
2579,7
2580,7
2581,7
2582,7
2583,7
2584,7
2585,7
2586,7
2587,2
2588,7
2589,7
2590,2
2591,2
2592,2
2593,3
2594,0
2595,7
2596,7
2597,0
2598,5
2599,6
2600,7
2601,3
2602,3
2603,7
2604,7
2605,3
2606,7
2607,3
2608,0
2609,3
2610,7
2611,3
2612,3
2613,3
2614,7
2615,7
2616,7
2617,7
2618,7
2619,7
2620,7
2621,2
2622,2
2623,7
2624,2
2625,6
2626,0
2627,7
2628,7
2629,7
2630,7
2631,7
2632,7
2633,7
2634,7
2635,7
2636,7
2637,1
2638,7
2639,7
2640,7
2641,1
2642,7
2643,3
2644,2
2645,1
2646,3
2647,7
2648,2
2649,3
2650,7
2651,6
2652,0
2653,7
2654,3
2655,7
2656,4
2657,7
2658,3
2659,3
2660,7
2661,7
2662,1
2663,7
2664,7
2665,7
2666,7
2667,3
2668,7
2669,7
2670,4
2671,7
2672,5
2673,7
2674,7
2675,7
2676,7
2677,6
2678,0
2679,7
2680,7
2681,3
2682,2
2683,7
2684,7
2685,7
2686,7
2687,7
2688,2
2689,7
2690,2
2691,1
2692,3
2693,7
2694,7
2695,1
2696,7
2697,1
2698,0
2699,0
2700,1
2701,2
2702,7
2703,7
2704,3
2705,3
2706,7
2707,7
2708,7
2709,7
2710,7
2711,7
2712,3
2713,7
2714,7
2715,7
2716,0
2717,3
2718,7
2719,7
2720,7
2721,7
2722,7
2723,7
2724,3
2725,3
2726,7
2727,3
2728,7
2729,5
2730,3
2731,3
2732,1
2733,7
2734,7
2735,2
2736,7
2737,7
2738,7
2739,7
2740,0
2741,7
2742,7
2743,4
2744,7
2745,7
2746,7
2747,7
2748,3
2749,7
2750,7
2751,2
2752,6
2753,3
2754,1
2755,4
2756,7
2757,7
2758,3
2759,7
2760,7
2761,7
2762,7
2763,7
2764,0
2765,3
2766,7
2767,3
2768,7
2769,6
2770,0
2771,2
2772,0
2773,7
2774,3
2775,7
2776,7
2777,7
2778,7
2779,7
2780,7
2781,7
2782,7
2783,7
2784,7
2785,7
2786,4
2787,3
2788,7
2789,7
2790,7
2791,7
2792,7
2793,7
2794,7
2795,7
2796,2
2797,7
2798,7
2799,3
2800,2
2801,7
2802,7
2803,7
2804,7
2805,4
2806,0
2807,7
2808,7
2809,7
2810,7
2811,2
2812,3
2813,7
2814,7
2815,7
2816,7
2817,2
2818,7
2819,7
2820,3
2821,7
2822,7
2823,7
2824,1
2825,7
2826,7
2827,2
2828,3
2829,2
2830,0
2831,7
2832,7
2833,3
2834,4
2835,7
2836,3
2837,2
2838,0
2839,7
2840,2
2841,7
2842,7
2843,3
2844,7
2845,7
2846,7
2847,7
2848,7
2849,7
2850,7
2851,1
2852,7
2853,5
2854,7
2855,2
2856,7
2857,7
2858,3
2859,7
2860,2
2861,1
2862,7
2863,7
2864,7
2865,0
2866,7
2867,7
2868,6
2869,4
2870,3
2871,0
2872,7
2873,7
2874,3
2875,7
2876,3
2877,7
2878,3
2879,3
2880,2
2881,7
2882,7
2883,3
2884,7
2885,7
2886,7
2887,7
2888,7
2889,7
2890,7
2891,7
2892,2
2893,3
2894,7
2895,1
2896,7
2897,7
2898,7
2899,3
2900,7
2901,3
2902,7
2903,7
2904,7
2905,5
2906,0
2907,7
2908,0
2909,7
2910,3
2911,2
2912,7
2913,3
2914,7
2915,0
2916,7
2917,0
2918,1
2919,7
2920,7
2921,7
2922,7
2923,3
2924,7
2925,7
2926,7
2926,7
2926,7
2926,7
2926,7
2926,1
2926,7
2927,0
2928,7
2929,7
2930,7
2931,1
2932,2
2933,3
2934,3
2935,7
2936,6
2937,7
2938,7
2939,7
2940,7
2941,6
2942,3
2943,7
2944,7
2945,7
2946,0
2947,2
2948,6
2949,0
2950,7
2951,2
2952,7
2953,7
2954,7
2955,3
2956,7
2957,2
2958,0
2959,2
2960,7
2961,7
2962,7
2963,7
2964,7
2965,1
2966,7
2967,7
2968,7
2969,7
2970,7
2971,7
2972,1
2973,6
2974,7
2975,7
2976,3
2977,3
2978,3
2979,7
2980,0
2981,7
2982,0
2983,7
2984,7
2985,3
2986,0
2987,0
2988,7
2989,7
2989,7
2989,7
2989,7
2990,1
2991,1
2992,7
2993,0
2994,1
2995,3
2996,7
2997,1
2998,7
2999,5
3000,7
3001,7
3002,7
3003,7
3004,3
3005,0
3006,7
3007,7
3008,7
3009,7
3010,7
3011,7
3012,0
3013,7
3014,2
3015,7
3016,2
3017,7
3018,7
3019,7
3020,2
3021,7
3022,7
3023,7
3024,7
3025,7
3026,3
3027,7
3028,7
3029,7
3030,3
3031,7
3032,3
3033,3
3034,6
3035,3
3036,7
3037,0
3038,7
3039,7
3040,2
3041,2
3042,7
3043,1
3044,7
3045,7
3046,7
3047,7
3048,4
3049,0
3050,7
3051,2
3052,0
3053,7
3054,7
3055,7
3056,7
3057,7
3058,7
3059,3
3060,3
3061,7
3062,4
3063,3
3064,2
3065,0
3066,2
3067,7
3068,0
3069,7
3070,7
3071,5
3072,7
3073,7
3074,7
3075,7
3076,3
3077,2
3078,7
3079,7
3080,7
3081,7
3082,7
3083,7
3084,2
3085,7
3086,7
3087,0
3088,7
3089,7
3090,7
3091,7
3092,6
3092,6
3093,7
3094,3
3095,7
3096,7
3097,3
3098,7
3099,3
3100,7
3101,7
3102,3
3103,3
3104,7
3105,1
3106,7
3107,7
3108,7
3109,7
3110,3
3111,7
3112,1
3113,6
3114,3
3115,7
3116,4
3117,3
3118,7
3119,5
3120,3
3121,7
3122,7
3123,3
3124,7
3125,7
3126,7
3127,3
3128,0
3129,0
3130,5
3131,7
3132,7
3133,7
3134,7
3135,3
3136,7
3137,7
3138,0
3139,1
3140,7
3141,7
3142,4
3143,7
3144,2
3145,3
3146,7
3147,6
3148,3
3149,2
3150,7
3151,7
3152,7
3153,7
3154,0
3155,2
3156,7
3157,7
3158,7
3159,7
3160,7
3161,1
3162,7
3163,3
3164,2
3165,2
3166,7
3167,0
3168,3
3169,3
3170,7
3171,7
3172,7
3173,6
3174,3
3175,3
3176,1
3177,7
3178,7
3179,6
3180,7
3181,7
3182,6
3183,3
3184,2
3185,7
3186,2
3187,7
3188,7
3189,2
3190,7
3191,3
3192,7
3193,7
3194,7
3195,7
3196,7
3197,2
3198,7
3199,7
3200,3
3201,7
3202,3
3203,1
3204,6
3205,2
3206,3
3207,7
3208,4
3209,3
3210,7
3211,7
3212,7
3213,7
3214,7
3215,2
3216,7
3217,7
3218,7
3219,7
3220,2
3221,7
3222,7
3223,7
3224,7
3225,4
3226,7
3227,7
3228,7
3229,7
3230,0
3231,7
3232,3
3233,7
3234,1
3235,7
3236,7
3237,3
3238,7
3239,7
3240,7
3241,7
3242,7
3243,6
3244,3
3245,7
3246,7
3247,4
3248,7
3249,7
3250,7
3251,3
3252,7
3253,4
3254,3
3255,6
3256,7
3257,7
3258,7
3259,4
3260,2
3261,7
3262,7
3263,7
3264,0
3265,0
3266,7
3267,7
3268,0
3269,7
3270,5
3271,7
3272,7
3273,7
3274,0
3275,7
3276,7
3277,0
3278,7
3279,2
3280,4
3281,7
3282,7
3283,3
3284,3
3285,7
3286,7
3287,0
3288,1
3289,7
3290,2
3291,7
3292,7
3293,2
3294,4
3295,7
3296,3
3297,0
3298,7
3299,7
3300,7
3301,7
3302,7
3303,7
3304,7
3305,3
3306,7
3307,7
3308,7
3309,0
3310,7
3311,0
3312,2
3313,3
3314,0
3315,0
3316,1
3317,3
3318,7
3319,7
3320,7
3321,2
3322,7
3323,3
3324,7
3325,7
3326,6
3327,7
3328,0
3329,7
3330,3
3331,7
3332,7
3333,7
3334,3
3335,7
3336,7
3337,7
3338,7
3339,0
3340,3
3341,7
3342,3
3343,7
3344,7
3345,2
3346,7
3347,7
3348,3
3349,3
3350,0
3351,7
3352,6
3353,7
3354,7
3355,7
3356,2
3357,7
3358,3
3359,2
3360,7
3361,7
3362,3
3363,7
3364,7
3365,3
3366,7
3367,5
3368,3
3369,7
3370,7
3371,7
3372,7
3373,7
3374,3
3375,1
3376,7
3377,2
3378,7
3379,7
3380,7
3381,7
3382,7
3383,4
3384,7
3385,7
3386,7
3387,7
3388,7
3389,1
3390,7
3391,6
3392,7
3393,7
3394,7
3395,3
3396,0
3397,7
3398,7
3399,7
3400,2
3401,1
3402,7
3403,7
3404,7
3405,7
3406,3
3407,7
3408,7
3409,7
3410,7
